{
  "orders": [
    {
      "id": 1,
      "products": [
        {
          "id": 12,
          "sku": 12064273040195392,
          "title": "Carrot",
          "description": "4 MSL",
          "availableSizes": [
            "Veggies"
          ],
          "style": "Organic and Nutritious",
          "price": 1.29,
          "installments": 0,
          "currencyId": "USD",
          "currencyFormat": "$",
          "isFreeShipping": false,
          "quantity": 4
        }
      ],
      "total": {
        "productQuantity": 4,
        "installments": 0,
        "totalPrice": 5.16,
        "currencyId": "USD",
        "currencyFormat": "$"
      },
      "status": 0
    },
    {
      "id": 2,
      "products": [
        {
          "id": 12,
          "sku": 12064273040195392,
          "title": "Carrot",
          "description": "4 MSL",
          "availableSizes": [
            "Veggies"
          ],
          "style": "Organic and Nutritious",
          "price": 1.29,
          "installments": 0,
          "currencyId": "USD",
          "currencyFormat": "$",
          "isFreeShipping": false,
          "quantity": 4
        }
      ],
      "total": {
        "productQuantity": 4,
        "installments": 0,
        "totalPrice": 5.16,
        "currencyId": "USD",
        "currencyFormat": "$"
      },
      "status": 0
    },
    {
      "id": 3,
      "products": [
        {
          "id": 12,
          "sku": 12064273040195392,
          "title": "Carrot",
          "description": "4 MSL",
          "availableSizes": [
            "Veggies"
          ],
          "style": "Organic and Nutritious",
          "price": 1.29,
          "installments": 0,
          "currencyId": "USD",
          "currencyFormat": "$",
          "isFreeShipping": false,
          "quantity": 8
        }
      ],
      "total": {
        "productQuantity": 8,
        "installments": 0,
        "totalPrice": 10.32,
        "currencyId": "USD",
        "currencyFormat": "$"
      },
      "status": 0
    },
    {
      "id": 4,
      "products": [
        {
          "id": 12,
          "sku": 12064273040195392,
          "title": "Carrot",
          "description": "4 MSL",
          "availableSizes": [
            "Veggies"
          ],
          "style": "Organic and Nutritious",
          "price": 1.29,
          "installments": 0,
          "currencyId": "USD",
          "currencyFormat": "$",
          "isFreeShipping": false,
          "quantity": 15
        }
      ],
      "total": {
        "productQuantity": 15,
        "installments": 0,
        "totalPrice": 19.35,
        "currencyId": "USD",
        "currencyFormat": "$"
      },
      "status": 0
    },
    {
      "id": 5,
      "products": [
        {
          "id": 20,
          "sku": "red-apple",
          "title": "Red Apples",
          "description": "4 MSL",
          "availableSizes": [
            "Fruits"
          ],
          "style": "Organic and Nutritious",
          "price": 0.99,
          "installments": 0,
          "currencyId": "USD",
          "currencyFormat": "$",
          "isFreeShipping": false,
          "quantity": 1
        },
        {
          "id": 21,
          "sku": "peanuts",
          "title": "Peanuts",
          "description": "4 MSL",
          "availableSizes": [
            "Nuts"
          ],
          "style": "Organic and Nutritious",
          "price": 2.59,
          "installments": 0,
          "currencyId": "USD",
          "currencyFormat": "$",
          "isFreeShipping": false,
          "quantity": 4
        }
      ],
      "total": {
        "productQuantity": 5,
        "installments": 0,
        "totalPrice": 11.35,
        "currencyId": "USD",
        "currencyFormat": "$"
      },
      "status": 0
    },
    {
      "id": 6,
      "products": [
        {
          "id": 14,
          "sku": "yoghurt",
          "title": "Yogurt",
          "description": "4 MSL",
          "availableSizes": [
            "Dairy"
          ],
          "style": "Organic and Nutritious",
          "price": 2.99,
          "installments": 0,
          "currencyId": "USD",
          "currencyFormat": "$",
          "isFreeShipping": false,
          "quantity": 3
        },
        {
          "id": 13,
          "sku": "straw",
          "title": "Strawberries",
          "description": "4 MSL",
          "availableSizes": [
            "Fruits"
          ],
          "style": "Organic and Nutritious",
          "price": 4.99,
          "installments": 0,
          "currencyId": "USD",
          "currencyFormat": "$",
          "isFreeShipping": false,
          "quantity": 1
        },
        {
          "id": 12,
          "sku": 12064273040195392,
          "title": "Carrot",
          "description": "4 MSL",
          "availableSizes": [
            "Veggies"
          ],
          "style": "Organic and Nutritious",
          "price": 1.29,
          "installments": 0,
          "currencyId": "USD",
          "currencyFormat": "$",
          "isFreeShipping": false,
          "quantity": 1
        },
        {
          "id": 17,
          "sku": "eggs",
          "title": "Eggs",
          "description": "4 MSL",
          "availableSizes": [
            "Dairy"
          ],
          "style": "Organic and Nutritious",
          "price": 2.99,
          "installments": 0,
          "currencyId": "USD",
          "currencyFormat": "$",
          "isFreeShipping": false,
          "quantity": 1
        },
        {
          "id": 16,
          "sku": "cheese",
          "title": "Cheese",
          "description": "4 MSL",
          "availableSizes": [
            "Dairy"
          ],
          "style": "Organic and Nutritious",
          "price": 2.99,
          "installments": 0,
          "currencyId": "USD",
          "currencyFormat": "$",
          "isFreeShipping": false,
          "quantity": 2
        }
      ],
      "total": {
        "productQuantity": 8,
        "installments": 0,
        "totalPrice": 24.220000000000002,
        "currencyId": "USD",
        "currencyFormat": "$"
      },
      "status": 0
    },
    {
      "id": 7,
      "products": [
        {
          "id": 14,
          "sku": "yoghurt",
          "title": "Yogurt",
          "description": "4 MSL",
          "availableSizes": [
            "Dairy"
          ],
          "style": "Organic and Nutritious",
          "price": 2.99,
          "installments": 0,
          "currencyId": "USD",
          "currencyFormat": "$",
          "isFreeShipping": false,
          "quantity": 1
        }
      ],
      "total": {
        "productQuantity": 1,
        "installments": 0,
        "totalPrice": 2.99,
        "currencyId": "USD",
        "currencyFormat": "$"
      },
      "status": 0
    },
    {
      "id": 8,
      "products": [
        {
          "id": 12,
          "sku": 12064273040195392,
          "title": "Carrot",
          "description": "4 MSL",
          "availableSizes": [
            "Veggies"
          ],
          "style": "Organic and Nutritious",
          "price": 1.29,
          "installments": 0,
          "currencyId": "USD",
          "currencyFormat": "$",
          "isFreeShipping": false,
          "quantity": 3
        }
      ],
      "total": {
        "productQuantity": 3,
        "installments": 0,
        "totalPrice": 3.87,
        "currencyId": "USD",
        "currencyFormat": "$"
      },
      "status": 0
    },
    {
      "id": 9,
      "products": [
        {
          "id": 12,
          "sku": 12064273040195392,
          "title": "Carrot",
          "description": "4 MSL",
          "availableSizes": [
            "Veggies"
          ],
          "style": "Organic and Nutritious",
          "price": 1.29,
          "installments": 0,
          "currencyId": "USD",
          "currencyFormat": "$",
          "isFreeShipping": false,
          "quantity": 3
        }
      ],
      "total": {
        "productQuantity": 3,
        "installments": 0,
        "totalPrice": 3.87,
        "currencyId": "USD",
        "currencyFormat": "$"
      },
      "status": 0
    },
    {
      "id": 10,
      "products": [
        {
          "id": 12,
          "sku": 12064273040195392,
          "title": "Carrot",
          "description": "4 MSL",
          "availableSizes": [
            "Veggies"
          ],
          "style": "Organic and Nutritious",
          "price": 1.29,
          "installments": 0,
          "currencyId": "USD",
          "currencyFormat": "$",
          "isFreeShipping": false,
          "quantity": 6
        },
        {
          "id": 16,
          "sku": "cheese",
          "title": "Cheese",
          "description": "4 MSL",
          "availableSizes": [
            "Dairy"
          ],
          "style": "Organic and Nutritious",
          "price": 2.99,
          "installments": 0,
          "currencyId": "USD",
          "currencyFormat": "$",
          "isFreeShipping": false,
          "quantity": 5
        },
        {
          "id": 17,
          "sku": "eggs",
          "title": "Eggs",
          "description": "4 MSL",
          "availableSizes": [
            "Dairy"
          ],
          "style": "Organic and Nutritious",
          "price": 2.99,
          "installments": 0,
          "currencyId": "USD",
          "currencyFormat": "$",
          "isFreeShipping": false,
          "quantity": 5
        }
      ],
      "total": {
        "productQuantity": 16,
        "installments": 0,
        "totalPrice": 37.64,
        "currencyId": "USD",
        "currencyFormat": "$"
      },
      "status": 0
    },
    {
      "id": 11,
      "products": [
        {
          "id": 15,
          "sku": "milk",
          "title": "Milk",
          "description": "4 MSL",
          "availableSizes": [
            "Dairy"
          ],
          "style": "Organic and Nutritious",
          "price": 5.99,
          "installments": 0,
          "currencyId": "USD",
          "currencyFormat": "$",
          "isFreeShipping": false,
          "quantity": 1
        },
        {
          "id": 13,
          "sku": "straw",
          "title": "Strawberries",
          "description": "4 MSL",
          "availableSizes": [
            "Fruits"
          ],
          "style": "Organic and Nutritious",
          "price": 4.99,
          "installments": 0,
          "currencyId": "USD",
          "currencyFormat": "$",
          "isFreeShipping": false,
          "quantity": 1
        }
      ],
      "total": {
        "productQuantity": 2,
        "installments": 0,
        "totalPrice": 10.98,
        "currencyId": "USD",
        "currencyFormat": "$"
      },
      "status": 0
    },
    {
      "id": 12,
      "products": [
        {
          "id": 15,
          "sku": "milk",
          "title": "Milk",
          "description": "4 MSL",
          "availableSizes": [
            "Dairy"
          ],
          "style": "Organic and Nutritious",
          "price": 5.99,
          "installments": 0,
          "currencyId": "USD",
          "currencyFormat": "$",
          "isFreeShipping": false,
          "quantity": 1
        },
        {
          "id": 13,
          "sku": "straw",
          "title": "Strawberries",
          "description": "4 MSL",
          "availableSizes": [
            "Fruits"
          ],
          "style": "Organic and Nutritious",
          "price": 4.99,
          "installments": 0,
          "currencyId": "USD",
          "currencyFormat": "$",
          "isFreeShipping": false,
          "quantity": 1
        }
      ],
      "total": {
        "productQuantity": 2,
        "installments": 0,
        "totalPrice": 10.98,
        "currencyId": "USD",
        "currencyFormat": "$"
      },
      "status": 0
    },
    {
      "id": 13,
      "products": [
        {
          "id": 15,
          "sku": "milk",
          "title": "Milk",
          "description": "4 MSL",
          "availableSizes": [
            "Dairy"
          ],
          "style": "Organic and Nutritious",
          "price": 5.99,
          "installments": 0,
          "currencyId": "USD",
          "currencyFormat": "$",
          "isFreeShipping": false,
          "quantity": 1
        }
      ],
      "total": {
        "productQuantity": 1,
        "installments": 0,
        "totalPrice": 5.99,
        "currencyId": "USD",
        "currencyFormat": "$"
      },
      "status": 0
    },
    {
      "id": 14,
      "products": [
        {
          "id": 15,
          "sku": "milk",
          "title": "Milk",
          "description": "4 MSL",
          "availableSizes": [
            "Dairy"
          ],
          "style": "Organic and Nutritious",
          "price": 5.99,
          "installments": 0,
          "currencyId": "USD",
          "currencyFormat": "$",
          "isFreeShipping": false,
          "quantity": 1
        },
        {
          "id": 32,
          "sku": "mandarin",
          "title": "Organic Honey Mandarins",
          "description": "4 MSL",
          "availableSizes": [
            "Fruits"
          ],
          "style": "Organic and Nutritious",
          "price": 2.49,
          "installments": 0,
          "currencyId": "USD",
          "currencyFormat": "$",
          "isFreeShipping": false,
          "quantity": 1
        },
        {
          "id": 33,
          "sku": "grape",
          "title": "Organic Seedless Grapes",
          "description": "4 MSL",
          "availableSizes": [
            "Fruits"
          ],
          "style": "Organic and Nutritious",
          "price": 2.49,
          "installments": 0,
          "currencyId": "USD",
          "currencyFormat": "$",
          "isFreeShipping": false,
          "quantity": 1
        },
        {
          "id": 34,
          "sku": "kiwi",
          "title": "Organic Green Kiwis",
          "description": "4 MSL",
          "availableSizes": [
            "Fruits"
          ],
          "style": "Organic and Nutritious",
          "price": 0.99,
          "installments": 0,
          "currencyId": "USD",
          "currencyFormat": "$",
          "isFreeShipping": false,
          "quantity": 1
        },
        {
          "id": 45,
          "sku": "wholewheat",
          "title": "Organic Whole Wheat Sliced Bread",
          "description": "4 MSL",
          "availableSizes": [
            "Bakery"
          ],
          "style": "Organic and Nutritious",
          "price": 5.99,
          "installments": 0,
          "currencyId": "USD",
          "currencyFormat": "$",
          "isFreeShipping": false,
          "quantity": 1
        },
        {
          "id": 13,
          "sku": "straw",
          "title": "Strawberries",
          "description": "4 MSL",
          "availableSizes": [
            "Fruits"
          ],
          "style": "Organic and Nutritious",
          "price": 4.99,
          "installments": 0,
          "currencyId": "USD",
          "currencyFormat": "$",
          "isFreeShipping": false,
          "quantity": 1
        },
        {
          "id": 14,
          "sku": "yoghurt",
          "title": "Yogurt",
          "description": "4 MSL",
          "availableSizes": [
            "Dairy"
          ],
          "style": "Organic and Nutritious",
          "price": 2.99,
          "installments": 0,
          "currencyId": "USD",
          "currencyFormat": "$",
          "isFreeShipping": false,
          "quantity": 1
        }
      ],
      "total": {
        "productQuantity": 7,
        "installments": 0,
        "totalPrice": 25.930000000000007,
        "currencyId": "USD",
        "currencyFormat": "$"
      },
      "status": 0
    },
    {
      "id": 15,
      "products": [
        {
          "id": 25,
          "sku": "onions",
          "title": "Organic Green Onions",
          "description": "4 MSL",
          "availableSizes": [
            "Veggies"
          ],
          "style": "Organic and Nutritious",
          "price": 0.99,
          "installments": 0,
          "currencyId": "USD",
          "currencyFormat": "$",
          "isFreeShipping": false,
          "quantity": 11
        }
      ],
      "total": {
        "productQuantity": 11,
        "installments": 0,
        "totalPrice": 10.89,
        "currencyId": "USD",
        "currencyFormat": "$"
      },
      "status": 0
    },
    {
      "id": 16,
      "products": [
        {
          "id": 16,
          "sku": "cheese",
          "title": "Cheese",
          "description": "4 MSL",
          "availableSizes": [
            "Dairy"
          ],
          "style": "Organic and Nutritious",
          "price": 2.99,
          "installments": 0,
          "currencyId": "USD",
          "currencyFormat": "$",
          "isFreeShipping": false,
          "quantity": 15
        }
      ],
      "total": {
        "productQuantity": 15,
        "installments": 0,
        "totalPrice": 44.85,
        "currencyId": "USD",
        "currencyFormat": "$"
      },
      "status": 0
    },
    {
      "id": 17,
      "products": [
        {
          "id": 15,
          "sku": "milk",
          "title": "Milk",
          "description": "4 MSL",
          "availableSizes": [
            "Dairy"
          ],
          "style": "Organic and Nutritious",
          "price": 5.99,
          "installments": 0,
          "currencyId": "USD",
          "currencyFormat": "$",
          "isFreeShipping": false,
          "quantity": 1
        },
        {
          "id": 14,
          "sku": "yoghurt",
          "title": "Yogurt",
          "description": "4 MSL",
          "availableSizes": [
            "Dairy"
          ],
          "style": "Organic and Nutritious",
          "price": 2.99,
          "installments": 0,
          "currencyId": "USD",
          "currencyFormat": "$",
          "isFreeShipping": false,
          "quantity": 1
        },
        {
          "id": 13,
          "sku": "straw",
          "title": "Strawberries",
          "description": "4 MSL",
          "availableSizes": [
            "Fruits"
          ],
          "style": "Organic and Nutritious",
          "price": 4.99,
          "installments": 0,
          "currencyId": "USD",
          "currencyFormat": "$",
          "isFreeShipping": false,
          "quantity": 1
        },
        {
          "id": 12,
          "sku": 12064273040195392,
          "title": "Carrot",
          "description": "4 MSL",
          "availableSizes": [
            "Veggies"
          ],
          "style": "Organic and Nutritious",
          "price": 1.29,
          "installments": 0,
          "currencyId": "USD",
          "currencyFormat": "$",
          "isFreeShipping": false,
          "quantity": 1
        },
        {
          "id": 17,
          "sku": "eggs",
          "title": "Eggs",
          "description": "4 MSL",
          "availableSizes": [
            "Dairy"
          ],
          "style": "Organic and Nutritious",
          "price": 2.99,
          "installments": 0,
          "currencyId": "USD",
          "currencyFormat": "$",
          "isFreeShipping": false,
          "quantity": 1
        },
        {
          "id": 18,
          "sku": "beef",
          "title": "Beef(Grass Fed)",
          "description": "4 MSL",
          "availableSizes": [
            "Meats"
          ],
          "style": "Organic and Nutritious",
          "price": 26.99,
          "installments": 0,
          "currencyId": "USD",
          "currencyFormat": "$",
          "isFreeShipping": false,
          "quantity": 1
        }
      ],
      "total": {
        "productQuantity": 6,
        "installments": 0,
        "totalPrice": 45.239999999999995,
        "currencyId": "USD",
        "currencyFormat": "$"
      },
      "status": 0
    },
    {
      "id": 18,
      "products": [
        {
          "id": 14,
          "sku": "yoghurt",
          "title": "Yogurt",
          "description": "4 MSL",
          "availableSizes": [
            "Dairy"
          ],
          "style": "Organic and Nutritious",
          "price": 2.99,
          "installments": 0,
          "currencyId": "USD",
          "currencyFormat": "$",
          "isFreeShipping": false,
          "quantity": 4
        },
        {
          "id": 15,
          "sku": "milk",
          "title": "Milk",
          "description": "4 MSL",
          "availableSizes": [
            "Dairy"
          ],
          "style": "Organic and Nutritious",
          "price": 5.99,
          "installments": 0,
          "currencyId": "USD",
          "currencyFormat": "$",
          "isFreeShipping": false,
          "quantity": 1
        }
      ],
      "total": {
        "productQuantity": 5,
        "installments": 0,
        "totalPrice": 17.950000000000003,
        "currencyId": "USD",
        "currencyFormat": "$"
      },
      "status": 0
    }
  ],
  "count": 18
}