{
  "products": [
    {
      "id": 12,
      "sku": 12064273040195392,
      "title": "Carrot",
      "description": "4 MSL",
      "availableSizes": ["Veggies"],
      "style": "Organic and Nutritious",
      "price": 1.29,
      "installments": 0,
      "currencyId": "USD",
      "currencyFormat": "$",
      "isFreeShipping": false
    },{
      "id": 13,
      "sku": "straw",
      "title": "Strawberries",
      "description": "4 MSL",
      "availableSizes": ["Fruits"],
      "style": "Organic and Nutritious",
      "price": 4.99,
      "installments": 0,
      "currencyId": "USD",
      "currencyFormat": "$",
      "isFreeShipping": false
    },
    {
      "id": 14,
      "sku": "yoghurt",
      "title": "Yogurt",
      "description": "4 MSL",
      "availableSizes": ["Dairy"],
      "style": "Organic and Nutritious",
      "price": 2.99,
      "installments": 0,
      "currencyId": "USD",
      "currencyFormat": "$",
      "isFreeShipping": false
    },
    {
      "id": 15,
      "sku": "milk",
      "title": "Milk",
      "description": "4 MSL",
      "availableSizes": ["Dairy"],
      "style": "Organic and Nutritious",
      "price": 5.99,
      "installments": 0,
      "currencyId": "USD",
      "currencyFormat": "$",
      "isFreeShipping": false
    },
    {
      "id": 16,
      "sku": "cheese",
      "title": "Cheese",
      "description": "4 MSL",
      "availableSizes": ["Dairy"],
      "style": "Organic and Nutritious",
      "price": 2.99,
      "installments": 0,
      "currencyId": "USD",
      "currencyFormat": "$",
      "isFreeShipping": false
    },
    {
      "id": 17,
      "sku": "eggs",
      "title": "Eggs",
      "description": "4 MSL",
      "availableSizes": ["Dairy"],
      "style": "Organic and Nutritious",
      "price": 2.99,
      "installments": 0,
      "currencyId": "USD",
      "currencyFormat": "$",
      "isFreeShipping": false
    },
    {
      "id": 18,
      "sku": "beef",
      "title": "Beef(Grass Fed)",
      "description": "4 MSL",
      "availableSizes": ["Meats"],
      "style": "Organic and Nutritious",
      "price": 26.99,
      "installments": 0,
      "currencyId": "USD",
      "currencyFormat": "$",
      "isFreeShipping": false
    },
    {
      "id": 19,
      "sku": "green-apple",
      "title": "Green Apples",
      "description": "4 MSL",
      "availableSizes": ["Fruits"],
      "style": "Organic and Nutritious",
      "price": 0.99,
      "installments": 0,
      "currencyId": "USD",
      "currencyFormat": "$",
      "isFreeShipping": false
    },
    {
      "id": 20,
      "sku": "red-apple",
      "title": "Red Apples",
      "description": "4 MSL",
      "availableSizes": ["Fruits"],
      "style": "Organic and Nutritious",
      "price": 0.99,
      "installments": 0,
      "currencyId": "USD",
      "currencyFormat": "$",
      "isFreeShipping": false
    },
    {
      "id": 21,
      "sku": "peanuts",
      "title": "Peanuts",
      "description": "4 MSL",
      "availableSizes": ["Nuts"],
      "style": "Organic and Nutritious",
      "price": 2.59,
      "installments": 0,
      "currencyId": "USD",
      "currencyFormat": "$",
      "isFreeShipping": false
    },
    {
      "id": 22,
      "sku": "bread",
      "title": "Panarama Sourdough Bread",
      "description": "4 MSL",
      "availableSizes": ["Bakery"],
      "style": "Organic and Nutritious",
      "price": 4.99,
      "installments": 0,
      "currencyId": "USD",
      "currencyFormat": "$",
      "isFreeShipping": false
    },
    {
      "id": 23,
      "sku": "broccoli",
      "title": "Organic Broccoli",
      "description": "4 MSL",
      "availableSizes": ["Veggies"],
      "style": "Organic and Nutritious",
      "price": 2.39,
      "installments": 0,
      "currencyId": "USD",
      "currencyFormat": "$",
      "isFreeShipping": false
    },
    {
      "id": 24,
      "sku": "mushrooms",
      "title": "Organic Crimini Mushrooms",
      "description": "4 MSL",
      "availableSizes": ["Veggies"],
      "style": "Organic and Nutritious",
      "price": 2.59,
      "installments": 0,
      "currencyId": "USD",
      "currencyFormat": "$",
      "isFreeShipping": false
    },
    {
      "id": 25,
      "sku": "onions",
      "title": "Organic Green Onions",
      "description": "4 MSL",
      "availableSizes": ["Veggies"],
      "style": "Organic and Nutritious",
      "price": 0.99,
      "installments": 0,
      "currencyId": "USD",
      "currencyFormat": "$",
      "isFreeShipping": false
    },
    {
      "id": 26,
      "sku": "redbellpeppers",
      "title": "Organic Red Bell Peppers",
      "description": "4 MSL",
      "availableSizes": ["Veggies"],
      "style": "Organic and Nutritious",
      "price": 0.89,
      "installments": 0,
      "currencyId": "USD",
      "currencyFormat": "$",
      "isFreeShipping": false
    },
    {
      "id": 27,
      "sku": "orangebellpeppers",
      "title": "Organic Orange Bell Peppers",
      "description": "4 MSL",
      "availableSizes": ["Veggies"],
      "style": "Organic and Nutritious",
      "price": 0.89,
      "installments": 0,
      "currencyId": "USD",
      "currencyFormat": "$",
      "isFreeShipping": false
    },
    {
      "id": 28,
      "sku": "yellowbellpeppers",
      "title": "Organic Yellow Bell Peppers",
      "description": "4 MSL",
      "availableSizes": ["Veggies"],
      "style": "Organic and Nutritious",
      "price": 0.89,
      "installments": 0,
      "currencyId": "USD",
      "currencyFormat": "$",
      "isFreeShipping": false
    },
    {
      "id": 30,
      "sku": "pistachios",
      "title": "Organic Pistachios(No Salt)",
      "description": "4 MSL",
      "availableSizes": ["Nuts"],
      "style": "Organic and Nutritious",
      "price": 5.89,
      "installments": 0,
      "currencyId": "USD",
      "currencyFormat": "$",
      "isFreeShipping": false
    },
    {
      "id": 29,
      "sku": "raspberries",
      "title": "Organic Raspberries",
      "description": "4 MSL",
      "availableSizes": ["Fruits"],
      "style": "Organic and Nutritious",
      "price": 5.29,
      "installments": 0,
      "currencyId": "USD",
      "currencyFormat": "$",
      "isFreeShipping": false
    },
    {
      "id": 31,
      "sku": "blueberries",
      "title": "Organic Blueberries",
      "description": "4 MSL",
      "availableSizes": ["Fruits"],
      "style": "Organic and Nutritious",
      "price": 4.29,
      "installments": 0,
      "currencyId": "USD",
      "currencyFormat": "$",
      "isFreeShipping": false
    },
    {
      "id": 32,
      "sku": "mandarin",
      "title": "Organic Honey Mandarins",
      "description": "4 MSL",
      "availableSizes": ["Fruits"],
      "style": "Organic and Nutritious",
      "price": 2.49,
      "installments": 0,
      "currencyId": "USD",
      "currencyFormat": "$",
      "isFreeShipping": false
    },
    {
      "id": 33,
      "sku": "grape",
      "title": "Organic Seedless Grapes",
      "description": "4 MSL",
      "availableSizes": ["Fruits"],
      "style": "Organic and Nutritious",
      "price": 2.49,
      "installments": 0,
      "currencyId": "USD",
      "currencyFormat": "$",
      "isFreeShipping": false
    },
    {
      "id": 34,
      "sku": "kiwi",
      "title": "Organic Green Kiwis",
      "description": "4 MSL",
      "availableSizes": ["Fruits"],
      "style": "Organic and Nutritious",
      "price": 0.99,
      "installments": 0,
      "currencyId": "USD",
      "currencyFormat": "$",
      "isFreeShipping": false
    },
    {
      "id": 35,
      "sku": "mango",
      "title": "Organic Mangoes",
      "description": "4 MSL",
      "availableSizes": ["Fruits"],
      "style": "Organic and Nutritious",
      "price": 0.99,
      "installments": 0,
      "currencyId": "USD",
      "currencyFormat": "$",
      "isFreeShipping": false
    },
    {
      "id": 36,
      "sku": "pineapple",
      "title": "Fresh Pineapple",
      "description": "4 MSL",
      "availableSizes": ["Fruits"],
      "style": "Organic and Nutritious",
      "price": 2.99,
      "installments": 0,
      "currencyId": "USD",
      "currencyFormat": "$",
      "isFreeShipping": false
    },
    {
      "id": 37,
      "sku": "pomegranate",
      "title": "Organic Pomegrantes",
      "description": "4 MSL",
      "availableSizes": ["Fruits"],
      "style": "Organic and Nutritious",
      "price": 0.99,
      "installments": 0,
      "currencyId": "USD",
      "currencyFormat": "$",
      "isFreeShipping": false
    },
    {
      "id": 38,
      "sku": "cloverbutter",
      "title": "Organic Salted Butter",
      "description": "4 MSL",
      "availableSizes": ["Dairy"],
      "style": "Organic and Nutritious",
      "price": 7.99,
      "installments": 0,
      "currencyId": "USD",
      "currencyFormat": "$",
      "isFreeShipping": false
    },
    {
      "id": 39,
      "sku": "tuna",
      "title": "Organic Wild Caught Ahi Tuna",
      "description": "4 MSL",
      "availableSizes": ["Meats"],
      "style": "Organic and Nutritious",
      "price": 2.49,
      "installments": 0,
      "currencyId": "USD",
      "currencyFormat": "$",
      "isFreeShipping": false
    },
    {
      "id": 40,
      "sku": "groundfedbeef",
      "title": "Ground Beef(Grass Fed)",
      "description": "4 MSL",
      "availableSizes": ["Meats"],
      "style": "Organic and Nutritious",
      "price": 11.99,
      "installments": 0,
      "currencyId": "USD",
      "currencyFormat": "$",
      "isFreeShipping": false
    },
    {
      "id": 41,
      "sku": "sausage",
      "title": "Italian Link Sausage",
      "description": "4 MSL",
      "availableSizes": ["Meats"],
      "style": "Organic and Nutritious",
      "price": 19.49,
      "installments": 0,
      "currencyId": "USD",
      "currencyFormat": "$",
      "isFreeShipping": false
    },
    {
      "id": 42,
      "sku": "chicken",
      "title": "Mary's Organic Free Range Chicken",
      "description": "4 MSL",
      "availableSizes": ["Meats"],
      "style": "Organic and Nutritious",
      "price": 19.99,
      "installments": 0,
      "currencyId": "USD",
      "currencyFormat": "$",
      "isFreeShipping": false
    },
    {
      "id": 43,
      "sku": "lamb",
      "title": "Organic Ground Lamb",
      "description": "4 MSL",
      "availableSizes": ["Meats"],
      "style": "Organic and Nutritious",
      "price": 17.99,
      "installments": 0,
      "currencyId": "USD",
      "currencyFormat": "$",
      "isFreeShipping": false
    },
    {
      "id": 44,
      "sku": "muffin",
      "title": "Panorama English Muffin",
      "description": "4 MSL",
      "availableSizes": ["Bakery"],
      "style": "Organic and Nutritious",
      "price": 9.99,
      "installments": 0,
      "currencyId": "USD",
      "currencyFormat": "$",
      "isFreeShipping": false
    },
    {
      "id": 45,
      "sku": "wholewheat",
      "title": "Organic Whole Wheat Sliced Bread",
      "description": "4 MSL",
      "availableSizes": ["Bakery"],
      "style": "Organic and Nutritious",
      "price": 5.99,
      "installments": 0,
      "currencyId": "USD",
      "currencyFormat": "$",
      "isFreeShipping": false
    },
    {
      "id": 46,
      "sku": "walnuts",
      "title": "Organic Walnuts",
      "description": "4 MSL",
      "availableSizes": ["Nuts"],
      "style": "Organic and Nutritious",
      "price": 1.99,
      "installments": 0,
      "currencyId": "USD",
      "currencyFormat": "$",
      "isFreeShipping": false
    },
    {
      "id": 47,
      "sku": "chestnut",
      "title": "Organic Chestnuts",
      "description": "4 MSL",
      "availableSizes": ["Nuts"],
      "style": "Organic and Nutritious",
      "price": 2.49,
      "installments": 0,
      "currencyId": "USD",
      "currencyFormat": "$",
      "isFreeShipping": false
    },
    {
      "id": 48,
      "sku": "peas",
      "title": "Organic Snow Peas",
      "description": "4 MSL",
      "availableSizes": ["Veggies"],
      "style": "Organic and Nutritious",
      "price": 1.49,
      "installments": 0,
      "currencyId": "USD",
      "currencyFormat": "$",
      "isFreeShipping": false
    },
    {
      "id": 49,
      "sku": "squash",
      "title": "Organic Zucchini Squash",
      "description": "4 MSL",
      "availableSizes": ["Veggies"],
      "style": "Organic and Nutritious",
      "price": 0.99,
      "installments": 0,
      "currencyId": "USD",
      "currencyFormat": "$",
      "isFreeShipping": false
    },
    {
      "id": 50,
      "sku": "cucumber",
      "title": "Organic Cucumber",
      "description": "4 MSL",
      "availableSizes": ["Veggies"],
      "style": "Organic and Nutritious",
      "price": 1.99,
      "installments": 0,
      "currencyId": "USD",
      "currencyFormat": "$",
      "isFreeShipping": false
    },
    {
      "id": 51,
      "sku": "redpepper",
      "title": "Organic Red Jalapeno Pepper",
      "description": "4 MSL",
      "availableSizes": ["Veggies"],
      "style": "Organic and Nutritious",
      "price": 2.49,
      "installments": 0,
      "currencyId": "USD",
      "currencyFormat": "$",
      "isFreeShipping": false
    },
    {
      "id": 52,
      "sku": "cabbage",
      "title": "Organic Green Cabbage",
      "description": "4 MSL",
      "availableSizes": ["Veggies"],
      "style": "Organic and Nutritious",
      "price": 2.49,
      "installments": 0,
      "currencyId": "USD",
      "currencyFormat": "$",
      "isFreeShipping": false
    },
    {
      "id": 53,
      "sku": "plums",
      "title": "Organic Plums",
      "description": "4 MSL",
      "availableSizes": ["Fruits"],
      "style": "Organic and Nutritious",
      "price": 2.49,
      "installments": 0,
      "currencyId": "USD",
      "currencyFormat": "$",
      "isFreeShipping": false
    }
  ]
}
